Name,Ticker,Inv. Type: MF or ETF,Morningstar Category,MorningStar rating: 3 years,MorningStar rating: 5 years,MorningStar rating: 10 years,MorningStar rating: Overall,Total Return: 1 year,Total Return: 3 year,Total Return: 5 year,Total Return: 10 year,2010,2011,2012,2013,2014,2015,2016,2017,2018,2019,2020,YTD Return,Net Expense Ratio,Gross Expense Ratio,Std Dev: 3 years,Std Dev: 5 years,Std Dev: 10 years,Sharpe Ratio: 3 years,Sharpe Ratio: 5 years,Sharpe Ratio: 10 years,Cash,US Stocks,INT. Stocks,Us Bonds,Int. Bond,Others
Invesco Global Strategic Income Fund Class R6 (OSIIX),OSIIX,MF,Multisector Bond,1.0,1.0,1.0,1.0,3.42,2.82,2.7,NA,NA,NA,NA,0.22,3.07,-2.2,7.12,6.66,-4.36,10.73,3.88,-2.86,0.62,0.62,11.73,9.21,7.34,0.25,0.27,0.37,9.26,0.02,NA,57.3,27.51,5.91
PIMCO Diversified Income Fund Institutional Class (PDIIX),PDIIX,MF,Multisector Bond,4.0,4.0,5.0,5.0,5.15,6.29,5.86,5.41,14.26,4.42,14.98,-0.91,2.96,1.26,10.56,8.85,-0.99,12.78,6.37,0.8,0.79,0.79,6.95,5.71,5.61,0.76,0.84,0.87,-17.28,0.08,0.29,66.72,44.72,5.48
Delaware Ivy Apollo Strategic Income Fund Class N (IRPOX),IRPOX,MF,Multisector Bond,4.0,4.0,N/A,4.0,9.26,6.1,NA,NA,NA,NA,NA,NA,NA,NA,8.02,4.66,-0.23,9.25,7.55,2.79,0.68,0.81,7.33,5.77,NA,0.71,0.75,NA,5.94,1.02,0.2,43.05,46.84,2.95
T. Rowe Price Spectrum Income Fund (RPSIX),RPSIX,MF,Multisector Bond,4.0,3.0,4.0,4.0,8.15,6.13,5.0,4.65,9.68,4.16,10.16,3.02,3.88,-2.02,8.18,7.02,-2.62,11.55,6.06,2.61,0.62,0.62,6.93,5.6,5.06,0.73,0.69,0.81,5.34,10.2,0.95,52.66,29.44,1.41
The Hartford Strategic Income Fund Class F (HSNFX),HSNFX,MF,Multisector Bond,5.0,5.0,5.0,5.0,7.35,7.81,NA,NA,NA,NA,NA,NA,NA,NA,NA,NA,-1.46,12.05,12.62,0.99,0.59,0.59,7.8,6.38,5.67,0.9,0.9,0.88,8.19,0.17,NA,36.69,51.8,3.16
Lord Abbett Bond Debenture Fund Class F3 (LBNOX),LBNOX,MF,Multisector Bond,4.0,5.0,5.0,4.0,10.69,7.12,NA,NA,NA,NA,NA,NA,NA,NA,NA,NA,-3.56,13.86,7.76,3.45,0.51,0.51,9.39,7.46,6.79,0.66,0.82,0.86,NA,9.74,0.81,68.75,19.47,1.23
John Hancock Funds Strategic Income Opportunities Fund Class R6 (JIPRX),JIPRX,MF,Multisector Bond,4.0,3.0,3.0,3.0,7.05,5.86,4.19,NA,NA,NA,12.22,2.77,4.62,1.32,5.17,5.33,-4.99,11.09,8.56,1.72,0.65,0.7,6.26,5.07,4.92,0.79,0.65,0.76,4.21,5.85,0.55,32.91,47.19,9.29
BlackRock Income Fund Class K Shares (BMSKX),BMSKX,MF,Multisector Bond,4.0,4.0,4.0,4.0,7.02,6.17,NA,NA,NA,NA,NA,NA,NA,NA,NA,6.66,-1.04,12.04,6.95,1.78,0.6,0.68,7.86,6.2,4.76,0.71,0.78,1.01,13.06,0.31,0.24,30.43,52.38,3.57
Franklin Strategic Income Fund Class R6 (FGKNX),FGKNX,MF,Multisector Bond,2.0,3.0,2.0,3.0,7.11,4.44,3.68,NA,NA,NA,NA,NA,2.05,-3.9,8.4,4.93,-1.4,8.56,3.74,2.31,0.51,0.54,7.28,5.8,5.43,0.48,0.54,0.6,-6.95,0.35,NA,63.43,35.05,8.13
JPMorgan Income Fund Class R6 (JMSFX),JMSFX,MF,Multisector Bond,3.0,4.0,N/A,4.0,8.27,6.2,5.17,NA,NA,NA,NA,NA,NA,-0.5,8.62,5.84,1.13,11.8,3.04,3.44,0.41,0.43,8.38,6.62,NA,0.64,0.68,NA,1.91,0.2,NA,85.74,10.39,1.76
Federated Hermes Strategic Income Fund Class R6 Shares (STILX),STILX,MF,Multisector Bond,4.0,4.0,3.0,4.0,10.29,6.85,NA,NA,NA,NA,NA,NA,NA,NA,NA,NA,-3.07,13.21,6.73,3.49,0.66,0.78,8.4,6.7,5.96,0.74,0.73,0.64,8.41,2.88,0.23,52.49,35.0,0.98
John Hancock Income Fund Class R6 (JSNWX),JSNWX,MF,Multisector Bond,4.0,3.0,3.0,3.0,4.47,5.76,3.93,NA,NA,NA,12.08,2.44,4.15,0.87,3.81,4.43,-2.61,10.59,7.85,0.54,0.43,0.44,5.22,4.29,4.42,0.9,0.64,0.78,3.78,3.06,NA,39.9,43.75,9.51
JPMorgan Global Bond Opportunities Fund Class R6 (GBONX),GBONX,MF,Multisector Bond,4.0,4.0,N/A,4.0,5.93,6.03,5.09,NA,NA,NA,NA,5.33,3.56,-0.36,8.09,6.98,-1.74,10.73,7.92,1.18,0.5,0.57,5.31,4.42,NA,0.97,0.96,NA,4.02,0.26,NA,40.73,44.74,10.24
PIMCO Income Fund Institutional Class (PIMIX),PIMIX,MF,Multisector Bond,3.0,5.0,5.0,5.0,8.31,5.54,5.47,6.91,20.46,6.36,22.17,4.8,7.18,2.63,8.72,8.6,0.58,8.05,5.8,2.14,1.09,1.09,5.75,4.56,4.2,0.77,1.01,1.48,11.42,0.75,2.75,61.94,17.99,5.15
Thornburg Strategic Income Fund Class I (TSIIX),TSIIX,MF,Multisector Bond,4.0,4.0,4.0,4.0,6.77,6.28,5.07,5.16,13.48,4.8,12.81,6.3,3.53,-2.1,8.08,6.47,0.68,7.91,8.25,2.45,0.6,0.88,4.93,3.94,4.0,1.0,1.1,1.13,12.45,0.49,NA,70.67,13.3,3.1
Nuveen Strategic Income Fund Class R6 (FSFRX),FSFRX,MF,Multisector Bond,5.0,4.0,4.0,4.0,6.43,7.22,5.03,NA,NA,NA,NA,NA,NA,NA,9.61,5.46,-3.03,13.39,8.41,1.9,0.5,0.63,7.05,5.86,5.59,0.86,0.77,0.81,4.7,NA,NA,65.61,23.27,6.41
Thornburg Limited Term Income Fund Class I (THIIX),THIIX,MF,Short-Term Bond,5.0,5.0,5.0,5.0,1.32,4.91,3.39,3.38,6.63,5.45,7.87,0.26,3.76,0.82,3.49,2.73,1.22,5.75,7.59,0.07,0.49,0.51,2.88,2.38,2.17,1.2,0.9,1.29,9.95,NA,NA,80.22,8.85,0.98
Calvert Short Duration Income Fund Class I (CDSIX),CDSIX,MF,Short-Term Bond,4.0,4.0,5.0,5.0,5.05,4.27,3.15,2.8,4.34,0.95,6.97,1.3,1.3,0.8,3.63,2.52,0.42,6.45,4.76,1.54,0.51,0.52,3.97,3.13,2.51,0.77,0.64,0.88,3.17,NA,NA,78.23,13.8,4.81
Hartford Short Duration Fund Class F (HSDFX),HSDFX,MF,Short-Term Bond,4.0,4.0,4.0,4.0,2.87,3.85,NA,NA,NA,NA,NA,NA,NA,NA,NA,NA,0.72,6.44,4.26,0.7,0.44,0.44,3.94,3.09,2.4,0.69,0.6,0.76,2.8,NA,NA,76.68,17.15,3.37
PGIM Short-Term Corporate Bond Fund- Class R6 (PSTQX),PSTQX,MF,Short-Term Bond,5.0,4.0,5.0,4.0,2.36,4.65,3.12,NA,NA,NA,NA,1.24,1.94,1.17,2.85,2.3,0.72,6.76,5.62,0.55,0.38,0.4,4.08,3.28,2.61,0.83,0.58,0.86,1.27,0.37,NA,71.5,20.41,6.46
Vanguard Short-Term Corporate Bond Index Fund ETF Shares (VCSH),VCSH,ETF ,Short-Term Bond,5.0,4.0,5.0,5.0,1.96,4.51,2.9,2.84,5.51,2.94,5.74,1.37,1.96,1.25,2.63,2.45,0.91,6.85,5.08,0.47,NA,NA,3.33,2.73,2.34,0.98,0.67,0.97,-0.34,NA,NA,79.98,13.66,6.7
JPMorgan Limited Duration Bond Fund Class R6 (JUSUX),JUSUX,MF,Short-Term Bond,2.0,3.0,4.0,3.0,1.38,2.79,2.13,2.44,10.61,1.87,6.64,2.15,2.37,0.75,1.51,2.16,2.16,3.78,2.79,0.48,0.25,0.32,2.32,1.82,1.44,0.68,0.63,1.25,8.84,NA,NA,85.99,4.36,0.81
JPMorgan Short Duration Core Plus Fund Class R6 (JSDRX),JSDRX,MF,Short-Term Bond,5.0,5.0,N/A,5.0,2.84,4.37,3.79,NA,NA,NA,NA,NA,1.13,-2.45,10.72,4.22,0.92,6.1,5.18,0.77,0.33,0.36,2.99,2.56,NA,1.04,1.24,NA,7.02,0.04,NA,71.33,15.49,6.12
PGIM Short Duration Multi-Sector Bond Fund- Class R6 (SDMQX),SDMQX,MF,Short-Term Bond,4.0,4.0,N/A,4.0,2.85,3.96,3.09,NA,NA,NA,NA,NA,1.68,0.22,3.77,3.75,1.04,6.57,4.03,0.5,0.32,0.37,4.17,3.32,NA,0.66,0.62,NA,2.45,1.11,NA,62.43,31.45,2.57
USAA Short Term Bond Fund R6 Shares (URSBX),URSBX,MF,Short-Term Bond,4.0,4.0,4.0,4.0,3.83,4.09,NA,NA,NA,NA,NA,NA,NA,NA,NA,2.53,1.53,5.05,4.75,1.39,0.39,0.45,3.26,2.6,1.98,0.87,0.73,0.97,5.98,NA,NA,80.4,12.67,0.95
Lord Abbett Short Duration Income Fund Class F3 (LOLDX),LOLDX,MF,Short-Term Bond,3.0,4.0,5.0,3.0,3.78,3.75,NA,NA,NA,NA,NA,NA,NA,NA,NA,NA,1.73,5.69,3.21,1.32,0.32,0.32,4.32,3.37,2.64,0.58,0.57,0.88,4.53,0.16,NA,71.64,22.79,0.88
BlackRock Low Duration Bond Portfolio Class K (CLDBX),CLDBX,MF,Short-Term Bond,3.0,3.0,4.0,4.0,1.99,3.18,2.29,2.27,5.48,2.36,5.26,1.36,1.58,0.87,1.93,2.13,1.04,4.79,3.52,0.47,0.37,0.39,2.98,2.34,1.84,0.68,0.56,0.92,6.36,NA,NA,72.4,19.18,2.07
PIMCO Low Duration Income Fund Institutional Class (PFIIX),PFIIX,MF,Short-Term Bond,4.0,5.0,5.0,5.0,6.41,4.42,4.7,3.88,6.99,-4.66,13.25,3.16,-2.28,-0.35,11.35,6.04,1.54,6.69,4.77,1.6,0.55,0.55,4.65,3.82,5.27,0.73,1.13,0.63,7.86,0.47,1.55,56.42,28.99,4.71
iShares 1-5 Year Investment Grade Corporate Bond ETF (IGSB),IGSB,ETF ,Short-Term Bond,5.0,4.0,4.0,4.0,2.22,4.59,2.94,2.23,3.69,1.34,3.28,1.03,0.74,0.7,1.77,1.41,1.34,7.01,5.26,0.44,NA,NA,3.31,2.65,2.0,1.0,0.69,0.82,0.1,NA,NA,67.74,24.09,8.07
SPDR Portfolio Short Term Corporate Bond ETF (SPSB),SPSB,ETF ,Short-Term Bond,3.0,3.0,3.0,3.0,1.37,3.56,2.47,2.07,3.64,1.4,3.65,1.37,0.88,0.8,2.11,1.7,1.46,5.19,3.82,0.35,NA,NA,2.21,1.8,1.48,1.04,0.74,1.01,3.83,NA,NA,73.54,14.1,8.53
Vanguard Short-Term Bond Index Fund ETF Shares (BSV),BSV,ETF ,Short-Term Bond,4.0,3.0,3.0,3.0,0.31,3.66,2.12,1.88,4.0,3.04,1.98,0.17,1.32,0.92,1.42,1.2,1.34,4.92,4.67,0.02,NA,NA,1.43,1.42,1.33,1.76,0.71,0.98,NA,NA,NA,NA,NA,NA
Columbia Limited Duration Credit Fund Institutional 3 Class (CLDYX),CLDYX,MF,Short-Term Bond,5.0,5.0,4.0,5.0,1.87,4.77,3.45,NA,NA,NA,NA,NA,0.89,-1.41,6.47,2.19,0.22,7.71,5.8,0.37,0.43,0.48,4.38,3.47,3.18,0.81,0.66,0.71,9.73,NA,NA,80.24,6.59,3.44
Thornburg Ultra Short Income Fund Class I (TLDIX),TLDIX,MF,Ultrashort Bond,5.0,4.0,N/A,4.0,1.08,2.85,2.04,NA,NA,NA,NA,NA,1.55,0.49,1.9,1.38,1.7,3.86,3.25,0.29,0.3,1.06,2.05,1.63,NA,0.8,0.59,NA,13.52,NA,NA,80.78,5.69,NA
PIMCO Low Duration ESG Fund Institutional Class (PLDIX),PLDIX,MF,Short-Term Bond,2.0,2.0,3.0,3.0,1.02,2.71,1.81,1.85,5.38,2.38,6.0,0.24,0.82,0.65,1.51,1.69,0.31,4.26,3.3,0.13,0.58,0.58,1.31,1.16,1.51,1.16,0.77,0.85,-10.77,NA,NA,78.86,29.98,1.93
GuideStone Funds Low-Duration Bond Fund Institutional Class (GLDYX),GLDYX,MF,Short-Term Bond,2.0,3.0,3.0,3.0,1.19,2.87,2.01,1.87,4.35,1.77,4.35,0.02,1.16,0.79,1.74,1.69,1.36,3.99,3.42,0.29,0.36,0.36,1.75,1.4,1.19,0.94,0.74,1.09,14.82,NA,NA,62.79,20.97,1.42
Baird Short-Term Bond Fund Institutional Class (BSBIX),BSBIX,MF,Short-Term Bond,3.0,3.0,4.0,4.0,1.07,3.47,2.39,2.21,4.39,2.08,4.16,1.33,1.49,0.89,2.25,1.53,1.49,4.68,4.23,0.26,0.3,0.3,1.82,1.51,1.27,1.22,0.81,1.28,4.94,NA,NA,74.32,16.99,3.75
Janus Henderson Short-Term Bond Fund Class N (JSHNX),JSHNX,MF,Short-Term Bond,3.0,3.0,3.0,3.0,1.92,3.47,2.17,NA,NA,NA,NA,1.59,0.79,0.44,1.72,1.42,1.04,3.98,4.96,0.41,0.44,0.49,2.54,2.06,1.68,0.88,0.57,0.82,7.44,0.25,NA,83.26,6.26,2.79
T. Rowe Price Short-Term Bond Fund I Class (TBSIX),TBSIX,MF,Short-Term Bond,3.0,3.0,3.0,3.0,1.74,3.56,NA,NA,NA,NA,NA,NA,NA,NA,1.91,1.64,1.49,4.18,4.64,0.58,0.35,0.35,2.32,1.86,1.48,0.98,0.71,0.85,-5.29,NA,NA,83.8,20.19,1.3
American Funds Intermediate Bond Fund of America Class F-3 (IFBFX),IFBFX,MF,Short-Term Bond,5.0,4.0,3.0,5.0,0.98,4.85,NA,NA,NA,NA,NA,NA,NA,NA,NA,NA,1.17,5.0,7.68,0.13,0.24,0.24,1.75,1.76,1.73,1.93,0.82,0.91,10.46,NA,NA,79.46,9.06,1.02
American Funds Short-Term Bond Fund of America Class F-3 (FSBTX),FSBTX,MF,Short-Term Bond,2.0,2.0,1.0,2.0,0.36,2.84,NA,NA,NA,NA,NA,NA,NA,NA,NA,NA,1.42,3.32,3.91,-0.05,0.33,0.34,0.97,0.97,0.87,1.71,0.74,0.74,7.66,NA,NA,81.68,9.36,1.31
Delaware Ivy Limited-Term Bond Fund Class R6 (ILMDX),ILMDX,MF,Short-Term Bond,3.0,3.0,2.0,3.0,1.19,3.53,2.46,NA,NA,NA,NA,NA,NA,0.85,2.41,2.11,1.11,4.5,4.17,0.45,0.53,0.53,1.49,1.45,1.57,1.54,0.79,0.73,1.83,NA,NA,89.11,7.99,1.08
PIMCO Low Duration Fund Institutional Class (PTLDX),PTLDX,MF,Short-Term Bond,2.0,3.0,3.0,3.0,1.03,2.86,1.99,1.9,4.96,1.71,6.16,0.1,0.78,0.67,1.91,1.84,0.51,4.47,3.41,0.15,0.87,0.87,1.53,1.31,1.64,1.13,0.79,0.8,-41.77,NA,NA,97.01,25.72,19.04
Columbia Short Term Bond Fund Institutional 3 Class (CSBYX),CSBYX,MF,Short-Term Bond,3.0,3.0,3.0,3.0,3.27,3.53,2.27,1.85,3.57,1.65,2.99,0.63,0.97,0.38,1.97,1.18,0.76,5.23,3.66,1.11,0.39,0.46,4.67,3.64,2.63,0.5,0.34,0.48,2.76,NA,NA,83.34,12.6,1.31
Pacific Funds Short Duration Income Fund Class I (PLSDX),PLSDX,MF,Short-Term Bond,3.0,4.0,N/A,4.0,2.22,3.5,2.62,NA,NA,NA,6.93,2.69,0.99,0.88,2.92,2.62,0.75,5.75,4.03,0.47,0.5,0.63,3.21,2.53,NA,0.73,0.65,NA,6.22,NA,NA,76.54,15.32,1.92
Western Asset Short-Term Bond Fund Class IS (LWSTX),LWSTX,MF,Short-Term Bond,3.0,4.0,3.0,4.0,2.09,3.56,2.59,NA,NA,NA,NA,0.66,1.28,0.38,2.18,2.56,1.63,4.84,4.06,0.52,0.41,0.41,2.18,1.79,1.45,1.0,0.86,1.01,3.27,NA,NA,76.46,16.02,4.25
Franklin Low Duration Total Return Fund Class R6 (FLRRX),FLRRX,MF,Short-Term Bond,3.0,3.0,3.0,3.0,4.58,3.29,2.38,NA,NA,NA,NA,NA,1.46,-0.18,3.01,1.55,1.11,4.86,3.45,1.17,0.32,0.6,4.8,3.73,2.86,0.46,0.42,0.5,-16.66,0.01,NA,83.34,28.4,4.9
Federated Hermes Short-Intermediate Total Return Bond Fund Class R6 Shares (SRBRX),SRBRX,MF,Short-Term Bond,4.0,3.0,4.0,3.0,1.21,3.86,2.47,NA,NA,NA,NA,NA,NA,-0.41,2.7,1.81,0.82,5.2,4.9,0.41,0.37,0.5,1.4,1.38,1.85,1.85,0.97,0.93,2.89,0.02,0.01,82.17,10.24,4.66
Federated Hermes Short Term Income Fund Class R6 Shares (FSILX),FSILX,MF,Short-Term Bond,3.0,3.0,3.0,3.0,2.0,3.28,NA,NA,NA,NA,NA,NA,NA,NA,NA,NA,1.6,4.63,3.78,0.54,0.35,0.44,2.15,1.71,1.34,0.94,0.77,0.99,7.42,0.01,NA,78.29,11.32,2.96
MFS Limited Maturity Fund Class R6 (MQLKX),MQLKX,MF,Short-Term Bond,3.0,3.0,3.0,3.0,1.98,3.64,2.38,NA,NA,NA,NA,0.64,0.98,0.21,1.67,1.69,1.22,5.12,4.37,0.55,0.38,0.48,2.9,2.3,1.75,0.82,0.59,0.76,1.91,NA,NA,75.57,18.22,4.3
Invesco Short Term Bond Fund Class R6 (ISTFX),ISTFX,MF,Short-Term Bond,3.0,3.0,4.0,3.0,2.1,3.34,2.54,NA,NA,NA,NA,1.38,1.26,0.83,3.13,2.01,0.97,5.33,3.5,0.6,0.36,0.36,3.31,2.61,2.04,0.68,0.54,0.8,5.63,NA,NA,76.4,14.8,3.17
Goldman Sachs Short Duration Income Fund Class R6 (GDIUX),GDIUX,MF,Short-Term Bond,4.0,4.0,N/A,4.0,1.33,4.29,NA,NA,NA,NA,NA,NA,NA,NA,2.42,1.68,0.06,6.87,5.94,-0.34,0.44,0.51,3.47,2.83,NA,0.88,0.57,NA,2.2,NA,NA,76.48,17.61,3.71
JPMorgan Short Duration Bond Fund Class R6 (JSDUX),JSDUX,MF,Short-Term Bond,3.0,3.0,3.0,3.0,1.42,3.58,2.18,1.74,3.29,1.96,1.92,0.37,0.87,0.7,1.29,1.12,1.32,4.51,4.56,0.41,0.28,0.33,1.55,1.35,1.08,1.51,0.84,1.08,7.13,NA,NA,76.88,10.79,5.2
Columbia High Yield Bond Fund Institutional 3 Class (CHYYX),CHYYX,MF,High Yield Bond,4.0,4.0,4.0,4.0,9.0,7.5,5.89,NA,NA,NA,NA,6.33,4.1,-1.15,11.6,6.63,-4.07,17.15,6.06,3.5,0.63,0.67,9.35,7.49,6.95,0.72,0.76,0.84,2.41,NA,NA,84.58,11.42,1.59
T. Rowe Price High Yield Fund I Class (PRHIX),PRHIX,MF,High Yield Bond,4.0,4.0,4.0,4.0,9.77,6.66,NA,NA,NA,NA,NA,NA,NA,NA,14.64,7.5,-3.22,14.78,5.07,3.85,0.6,0.6,9.33,7.42,7.06,0.63,0.78,0.8,1.77,1.91,NA,81.72,11.35,3.24
American Funds American High-Income Trust Class F-3 (HIGFX),HIGFX,MF,High Yield Bond,4.0,5.0,3.0,4.0,16.22,7.55,NA,NA,NA,NA,NA,NA,NA,NA,NA,NA,-1.51,12.23,7.4,6.91,0.34,0.34,9.35,7.4,7.11,0.73,0.89,0.73,5.02,4.82,0.09,75.59,11.57,2.91
Lord Abbett High Yield Fund Class F3 (LHYOX),LHYOX,MF,High Yield Bond,3.0,3.0,5.0,3.0,13.75,6.63,NA,NA,NA,NA,NA,NA,NA,NA,NA,NA,-4.94,15.36,4.78,5.16,0.61,0.61,11.58,9.13,7.91,0.52,0.68,0.8,NA,1.53,0.22,81.72,14.3,2.23
PIMCO High Yield Fund Institutional Class (PHIYX),PHIYX,MF,High Yield Bond,4.0,3.0,4.0,4.0,8.09,6.58,5.77,5.89,14.24,4.0,14.55,5.77,3.31,-1.85,12.7,7.01,-2.49,14.93,5.34,2.79,0.57,0.57,8.29,6.66,6.44,0.7,0.82,0.84,-3.28,0.22,0.09,86.66,9.25,7.07
Hartford High Yield Fund Class F (HAHFX),HAHFX,MF,High Yield Bond,4.0,4.0,3.0,4.0,9.53,6.99,NA,NA,NA,NA,NA,NA,NA,NA,NA,NA,-3.23,15.02,7.63,2.87,0.55,0.6,9.51,7.58,6.84,0.67,0.78,0.77,4.76,0.28,NA,77.1,14.11,3.75
BlackRock High Yield Bond Portfolio Class K (BRHYX),BRHYX,MF,High Yield Bond,4.0,4.0,5.0,5.0,11.04,6.93,6.24,6.68,18.64,3.15,17.19,9.5,3.31,-3.96,14.01,8.31,-2.76,15.58,5.93,4.34,0.51,0.52,9.69,7.67,7.04,0.65,0.85,0.88,0.46,2.77,0.02,81.17,12.93,2.65
PGIM High Yield Fund- Class R6 (PHYQX),PHYQX,MF,High Yield Bond,4.0,5.0,5.0,5.0,11.92,7.74,7.02,NA,NA,NA,14.45,7.15,2.95,-2.68,15.61,7.7,-1.18,16.26,5.72,4.84,0.41,0.41,9.96,7.92,7.06,0.7,0.86,0.9,0.33,1.96,NA,80.19,11.14,6.38
iShares iBoxx $ High Yield Corporate Bond ETF (HYG),HYG,ETF ,High Yield Bond,3.0,3.0,3.0,3.0,12.95,6.36,6.0,5.36,12.07,5.89,13.83,5.9,2.0,-5.55,13.92,6.09,-1.93,14.23,4.12,3.08,NA,NA,8.6,6.87,6.96,0.61,0.75,0.71,NA,NA,NA,NA,NA,NA
SPDR Bloomberg Barclays High Yield Bond ETF (JNK),JNK,ETF ,High Yield Bond,3.0,3.0,2.0,3.0,14.04,6.65,6.2,5.18,14.07,4.7,14.34,5.89,1.15,-7.22,14.75,6.48,-3.18,14.97,4.66,3.22,NA,NA,9.23,7.37,7.52,0.6,0.73,0.64,0.69,0.05,NA,86.33,11.53,1.4
MainStay MacKay High Yield Corporate Bond Fund Class R6 (MHYSX),MHYSX,MF,High Yield Bond,4.0,4.0,4.0,4.0,10.0,6.6,6.35,NA,NA,NA,NA,NA,1.75,-1.44,15.99,6.79,-1.34,13.03,5.28,4.29,0.6,0.6,8.62,6.85,6.06,0.67,0.84,0.92,4.74,2.14,0.1,79.73,9.97,3.32
Fidelity Advisor High Income Advantage Fund Class Z (FIQTX),FIQTX,MF,High Yield Bond,5.0,5.0,5.0,5.0,21.68,NA,NA,NA,NA,NA,NA,NA,NA,NA,NA,NA,NA,17.91,9.03,8.79,0.65,0.65,13.2,10.46,9.31,0.65,0.82,0.76,9.88,18.22,1.2,61.09,7.78,1.84
Franklin High Income Fund Class R6 (FHRRX),FHRRX,MF,High Yield Bond,4.0,4.0,3.0,4.0,10.81,7.02,6.04,NA,NA,NA,NA,NA,-0.13,-10.47,19.71,7.0,-3.5,15.26,6.49,4.2,0.52,0.57,8.84,7.26,7.62,0.7,0.88,0.7,3.79,1.26,NA,79.59,12.42,2.94
Eaton Vance Income Fund of Boston Class R6 (EIBRX),EIBRX,MF,High Yield Bond,3.0,3.0,4.0,3.0,10.01,6.39,5.64,NA,NA,NA,NA,NA,NA,-1.88,13.03,6.35,-2.47,13.65,5.18,4.12,0.66,0.69,8.6,6.81,6.24,0.65,0.78,0.86,3.09,1.17,0.14,80.13,13.69,1.78
Federated Hermes Institutional High Yield Bond Fund Class R6 (FIHLX),FIHLX,MF,High Yield Bond,4.0,4.0,5.0,4.0,9.34,6.89,NA,NA,NA,NA,NA,NA,NA,NA,NA,7.17,-2.82,14.98,5.99,3.6,0.49,0.52,8.94,7.15,6.65,0.68,0.81,0.91,1.25,0.54,NA,87.72,9.59,0.9
Nuveen High Yield Income Fund Class R6 (NCSRX),NCSRX,MF,High Yield Bond,2.0,4.0,4.0,3.0,12.16,5.41,5.67,NA,NA,NA,NA,NA,NA,-8.39,20.7,6.18,-0.54,13.37,2.12,4.93,0.64,0.69,9.82,7.87,7.4,0.49,0.78,0.76,4.96,0.44,NA,83.94,9.48,1.18
Columbia Corporate Income Fund Institutional 3 Class (CRIYX),CRIYX,MF,Corporate Bond,4.0,5.0,4.0,5.0,2.51,8.53,5.91,NA,NA,NA,NA,0.18,5.67,-3.16,8.69,6.11,-3.48,15.55,11.48,0.44,0.47,0.53,7.16,5.93,5.3,1.0,0.76,0.91,6.35,NA,NA,82.88,7.14,3.62
PIMCO Investment Grade Credit Bond Fund Institutional Class (PIGIX),PIGIX,MF,Corporate Bond,2.0,3.0,5.0,4.0,2.69,7.33,5.49,5.66,11.72,6.86,14.99,-1.69,8.76,0.28,6.99,7.95,-2.02,14.72,7.5,0.24,0.85,0.85,7.5,6.2,5.49,0.8,0.66,0.93,-51.29,0.05,0.22,120.01,24.86,6.15
American Funds Corporate Bond Fund Class F-3 (CFBFX),CFBFX,MF,Corporate Bond,5.0,4.0,N/A,5.0,0.08,8.71,NA,NA,NA,NA,NA,NA,NA,NA,NA,NA,-2.14,13.84,13.48,-0.58,0.45,0.49,6.05,5.2,NA,1.18,0.79,NA,3.39,NA,NA,79.6,12.71,4.3
Fidelity Advisor Corporate Bond Fund Class Z (FIKOX),FIKOX,MF,Corporate Bond,4.0,4.0,4.0,4.0,1.79,NA,NA,NA,NA,NA,NA,NA,NA,NA,NA,NA,NA,14.57,10.89,0.09,0.36,0.4,7.39,6.15,5.34,0.92,0.69,0.91,4.69,NA,NA,69.36,19.56,6.39
Lord Abbett Income Fund Class F3 (LOGVX),LOGVX,MF,Corporate Bond,2.0,4.0,3.0,2.0,6.29,7.58,NA,NA,NA,NA,NA,NA,NA,NA,NA,NA,-2.41,13.22,8.24,2.29,0.48,0.48,8.72,6.99,5.89,0.71,0.63,0.81,0.11,0.18,NA,77.58,18.94,3.18
Western Asset Corporate Bond Fund Class I (SIGYX),SIGYX,MF,Corporate Bond,4.0,5.0,5.0,5.0,4.47,8.47,6.3,6.02,11.82,5.62,14.9,0.51,8.49,-0.58,8.35,7.54,-3.27,14.68,11.19,0.93,0.55,0.61,8.63,7.04,6.22,0.85,0.7,0.88,6.14,NA,NA,67.37,19.58,6.91
Calvert Income Fund Class I (CINCX),CINCX,MF,Corporate Bond,3.0,4.0,3.0,3.0,7.77,8.2,5.77,4.81,7.23,3.3,9.19,-0.01,5.5,-0.55,5.94,7.01,-2.99,14.98,8.57,2.5,0.69,0.69,7.88,6.44,5.22,0.86,0.67,0.81,3.08,0.27,NA,74.34,14.28,8.03
Invesco Corporate Bond Fund Class R6 (ICBFX),ICBFX,MF,Corporate Bond,5.0,5.0,5.0,5.0,6.13,9.32,6.67,NA,NA,NA,NA,0.53,8.32,-1.19,8.66,7.85,-3.87,16.31,11.81,1.94,0.36,0.36,7.86,6.51,5.58,1.0,0.81,0.99,0.07,0.11,NA,73.77,21.0,5.04
Federated Hermes Corporate Bond Fund Class R6 Shares (FDBLX),FDBLX,MF,Corporate Bond,3.0,4.0,3.0,3.0,3.45,7.64,NA,NA,NA,NA,NA,NA,NA,NA,NA,7.05,-2.71,14.13,9.08,1.0,0.59,0.66,6.91,5.7,5.0,0.91,0.77,0.91,1.25,0.16,NA,84.77,13.35,0.47
JPMorgan Corporate Bond Fund Class R6 (CBFVX),CBFVX,MF,Corporate Bond,4.0,4.0,N/A,4.0,2.07,8.37,5.99,NA,NA,NA,NA,NA,8.1,-0.54,5.9,7.09,-2.02,15.16,10.34,0.36,0.4,0.41,7.05,5.91,NA,0.98,0.72,NA,1.79,NA,NA,72.26,18.28,7.66
Goldman Sachs Investment Grade Credit Fund Class R6 (GTIUX),GTIUX,MF,Corporate Bond,3.0,3.0,3.0,3.0,1.72,8.16,NA,NA,NA,NA,NA,NA,NA,NA,5.25,6.49,-2.56,15.36,10.12,-0.15,0.37,0.46,8.5,6.97,5.73,0.81,0.58,0.81,1.48,NA,NA,73.93,17.35,7.24
MFS Corporate Bond Fund Class R6 (MFBKX),MFBKX,MF,Corporate Bond,4.0,4.0,4.0,4.0,1.4,8.55,5.73,NA,NA,NA,NA,-0.23,6.14,-0.07,6.18,6.43,-2.86,14.81,11.37,-0.04,0.43,0.43,7.16,5.98,5.08,0.99,0.7,0.91,8.39,NA,NA,66.8,21.56,3.25
Columbia Bond Fund Institutional 3 Class (CBFYX),CBFYX,MF,Intermediate Core Bond,5.0,5.0,4.0,5.0,2.68,6.9,4.52,3.89,6.55,7.3,5.98,-2.88,5.59,0.31,4.19,3.95,-0.35,9.52,9.28,0.83,0.4,0.57,5.05,4.32,3.64,1.04,0.66,0.91,7.4,NA,NA,84.57,7.73,0.3
T. Rowe Price New Income Fund I Class (PRXEX),PRXEX,MF,Intermediate Core Bond,3.0,3.0,3.0,3.0,1.57,5.56,NA,NA,NA,NA,NA,NA,NA,NA,2.8,4.16,-0.5,9.39,5.85,0.29,0.39,0.39,5.0,4.25,3.6,0.8,0.47,0.78,-5.12,0.01,NA,91.05,12.74,1.32
American Century Diversified Bond Fund Y Class (ADVYX),ADVYX,MF,Intermediate Core Bond,3.0,3.0,3.0,3.0,0.9,5.92,NA,NA,NA,NA,NA,NA,NA,NA,NA,NA,-1.23,8.61,8.29,0.3,0.37,0.37,3.71,3.4,3.11,1.15,0.58,0.92,5.36,NA,NA,85.27,8.44,0.93
DFA Investment Grade Portfolio Institutional Class Shares (DFAPX),DFAPX,MF,Intermediate Core Bond,5.0,4.0,4.0,4.0,0.1,6.78,4.11,3.72,NA,NA,5.31,-2.87,6.23,1.61,2.57,3.37,-0.24,9.96,9.19,-0.35,0.22,0.22,3.85,3.6,3.53,1.32,0.63,0.91,0.35,NA,NA,89.94,8.82,0.88
PIMCO Total Return Fund IV Institutional Class (PTUIX),PTUIX,MF,Intermediate Core Bond,4.0,4.0,4.0,4.0,1.29,5.99,3.85,3.9,NA,NA,9.3,-1.84,4.16,-0.14,3.06,4.57,-0.77,9.66,7.33,0.17,0.8,0.8,3.98,3.56,3.43,1.1,0.71,0.98,-2.27,NA,NA,89.83,10.74,1.7
Invesco Core Bond Fund Class R6 (OPBIX),OPBIX,MF,Intermediate Core Bond,5.0,5.0,5.0,5.0,0.67,6.74,4.35,NA,NA,NA,NA,0.02,7.16,0.85,2.96,4.81,-0.77,9.75,9.62,NA,0.4,0.41,3.92,3.57,3.26,1.33,0.8,1.24,4.85,NA,NA,86.31,7.64,1.2
Invesco Intermediate Bond Factor Fund Class R6 (OFIIX),OFIIX,MF,Intermediate Core Bond,4.0,5.0,5.0,5.0,1.14,6.13,4.37,NA,NA,NA,NA,1.28,7.15,-0.79,5.3,6.6,-3.79,11.74,7.79,0.08,0.27,0.47,4.09,3.84,4.16,1.17,0.72,1.03,-11.0,NA,NA,91.8,17.11,2.09
American Funds The Bond Fund of America Class F-3 (BFFAX),BFFAX,MF,Intermediate Core Bond,5.0,5.0,4.0,5.0,0.76,6.97,NA,NA,NA,NA,NA,NA,NA,NA,NA,NA,0.21,8.39,11.1,-0.05,0.22,0.22,3.35,3.17,3.01,1.57,0.86,1.04,3.81,0.06,NA,83.52,10.78,1.83
Fidelity Advisor Investment Grade Bond Fund Class Z (FIKQX),FIKQX,MF,Intermediate Core Bond,5.0,5.0,4.0,5.0,0.62,NA,NA,NA,NA,NA,NA,NA,NA,NA,NA,NA,NA,9.89,9.99,0.11,0.36,0.4,3.8,3.45,3.23,1.39,0.87,1.04,0.93,NA,NA,83.94,13.9,1.23
TCW Core Fixed Income Fund Class Institutional (TGCFX),TGCFX,MF,Intermediate Core Bond,4.0,4.0,4.0,4.0,0.38,6.3,3.75,3.56,10.28,6.98,7.19,-1.54,5.65,0.03,2.28,3.23,0.08,8.75,8.79,-0.11,0.49,0.51,3.52,3.23,2.84,1.32,0.71,1.05,11.39,NA,NA,82.92,4.27,1.42
BNY Mellon Bond Market Index Fund - Class I (DBIRX),DBIRX,MF,Intermediate Core Bond,3.0,3.0,3.0,3.0,-0.85,5.67,3.46,3.15,6.25,7.69,3.94,-2.35,5.72,0.4,2.33,3.35,-0.14,8.49,7.53,-0.61,0.15,0.16,3.49,3.28,3.03,1.17,0.54,0.86,10.4,NA,NA,82.38,6.34,0.88
Baird Aggregate Bond Fund Class Institutional (BAGIX),BAGIX,MF,Intermediate Core Bond,4.0,4.0,5.0,5.0,0.23,6.38,4.15,4.16,8.34,7.85,7.92,-1.25,6.89,0.55,3.52,4.2,-0.3,9.48,8.63,-0.28,0.3,0.3,3.91,3.52,3.18,1.2,0.7,1.12,2.8,NA,NA,82.17,11.1,3.93
GuideStone Funds Medium-Duration Bond Fund Institutional Class (GMDYX),GMDYX,MF,Intermediate Core Bond,4.0,4.0,4.0,4.0,0.1,6.34,4.01,3.84,8.86,6.56,7.93,-1.9,6.03,0.18,3.05,4.14,-0.39,9.81,9.2,-0.91,0.39,0.39,4.25,3.78,3.31,1.12,0.69,0.99,24.0,NA,NA,66.21,8.36,1.44
Western Asset Core Bond Fund Class IS (WACSX),WACSX,MF,Intermediate Core Bond,4.0,5.0,5.0,5.0,0.61,6.5,4.58,4.29,12.25,7.46,7.23,-1.81,7.54,1.22,4.13,5.23,-0.67,10.55,9.13,-0.63,0.43,0.43,4.23,3.78,3.33,1.17,0.76,1.1,-0.27,NA,NA,82.66,16.09,1.51
Northern Bond Index Fund (NOBOX),NOBOX,MF,Intermediate Core Bond,3.0,3.0,3.0,3.0,-0.8,5.64,3.47,3.22,6.21,7.65,4.05,-2.28,5.91,0.51,2.33,3.48,-0.16,8.61,7.33,-0.58,0.15,0.19,3.49,3.29,3.04,1.15,0.54,0.88,NA,NA,NA,92.17,7.35,0.48
Lord Abbett Core Fixed Income Fund Class F3 (LCROX),LCROX,MF,Intermediate Core Bond,4.0,3.0,4.0,4.0,0.87,6.01,NA,NA,NA,NA,NA,NA,NA,NA,NA,NA,-0.15,8.14,8.2,0.26,0.33,0.33,3.71,3.38,3.05,1.18,0.64,0.98,6.6,NA,NA,76.41,16.5,0.48
BlackRock Core Bond Portfolio Class K (CCBBX),CCBBX,MF,Intermediate Core Bond,4.0,4.0,4.0,4.0,0.34,6.2,3.81,3.82,8.32,5.42,7.6,-1.26,6.75,0.5,2.76,3.2,-0.43,9.84,8.33,-0.41,0.4,0.44,4.03,3.54,3.12,1.15,0.64,1.03,11.1,NA,NA,72.8,15.03,1.07
PGIM Core Bond Fund- Class R6 (TPCQX),TPCQX,MF,Intermediate Core Bond,4.0,4.0,3.0,4.0,0.51,6.13,4.0,NA,NA,NA,NA,NA,NA,NA,3.39,4.07,-0.4,9.17,8.38,-0.34,0.32,0.37,4.36,3.85,3.36,1.03,0.6,0.77,0.31,0.3,NA,80.18,14.38,4.83
John Hancock Investment Grade Bond Fund Class R6 (JIGEX),JIGEX,MF,Intermediate Core Bond,4.0,5.0,4.0,5.0,1.21,6.31,4.12,NA,NA,NA,NA,NA,NA,NA,3.23,4.14,0.04,8.86,8.77,0.11,0.39,0.48,3.97,3.53,3.19,1.18,0.74,1.06,5.51,0.06,NA,86.36,5.88,2.21
Goldman Sachs Core Fixed Income Fund Class R6 (GCFUX),GCFUX,MF,Intermediate Core Bond,4.0,5.0,4.0,5.0,-0.07,6.6,NA,NA,NA,NA,NA,NA,NA,NA,2.98,3.57,-0.51,9.79,9.91,-0.67,0.37,0.5,4.32,3.82,3.24,1.14,0.68,1.01,-6.5,NA,NA,93.47,10.67,2.36
JPMorgan Core Bond Fund Class R6 (JCBUX),JCBUX,MF,Intermediate Core Bond,4.0,4.0,4.0,4.0,0.69,6.21,3.92,3.62,7.55,7.45,5.24,-1.61,5.41,1.01,2.51,3.87,0.35,8.59,8.28,0.08,0.34,0.35,3.68,3.36,2.94,1.25,0.69,1.04,6.98,0.6,NA,82.47,7.82,2.12
JPMorgan Mortgage-Backed Securities Fund Class R6 (JMBUX),JMBUX,MF,Intermediate Core Bond,2.0,4.0,3.0,3.0,2.09,5.21,3.55,3.45,8.82,6.48,5.29,-0.47,4.78,2.18,2.36,3.36,1.98,6.78,5.75,0.65,0.25,0.37,2.41,2.27,2.01,1.57,0.97,1.44,11.78,0.6,NA,87.19,0.39,0.03
Pacific Funds Core Income Fund Class I (PLIIX),PLIIX,MF,Intermediate Core-Plus Bond,4.0,4.0,4.0,4.0,2.52,6.61,4.5,4.46,NA,8.07,9.73,1.13,4.7,-0.62,5.3,5.12,-1.64,11.31,8.7,0.45,0.55,0.73,5.01,4.2,3.83,1.05,0.78,1.03,5.81,NA,NA,78.9,13.55,1.75
BlackRock Total Return Fund Class K Shares (MPHQX),MPHQX,MF,Intermediate Core-Plus Bond,4.0,3.0,4.0,4.0,1.76,6.54,4.2,4.5,10.14,4.68,10.29,-0.08,8.18,0.41,3.51,4.32,-0.82,9.89,9.08,-0.01,0.37,0.38,4.35,3.77,3.39,1.15,0.74,1.16,1.99,0.62,NA,75.82,20.0,1.57
Invesco Core Plus Bond Fund Class R6 (CPBFX),CPBFX,MF,Intermediate Core-Plus Bond,5.0,4.0,5.0,4.0,3.14,7.2,4.98,NA,NA,NA,NA,-0.26,7.32,0.61,5.4,5.32,-2.31,11.5,10.0,0.81,0.46,0.46,5.25,4.46,3.83,1.09,0.78,1.08,2.19,0.11,NA,76.16,18.69,2.85
PGIM Total Return Bond Fund -Class R6 (PTRQX),PTRQX,MF,Intermediate Core-Plus Bond,4.0,4.0,5.0,5.0,1.51,6.68,4.79,4.71,NA,7.93,9.96,-0.91,7.25,0.09,4.83,6.71,-0.63,11.13,8.1,-0.16,0.39,0.41,6.0,5.1,4.41,0.84,0.63,0.94,1.14,0.86,NA,64.58,31.07,2.35
Eaton Vance Core Plus Bond Fund Class I (EIBAX),EIBAX,MF,Intermediate Core-Plus Bond,2.0,5.0,5.0,4.0,9.86,6.23,5.45,5.62,10.58,21.07,8.87,-5.01,11.0,-5.98,11.68,7.71,-0.84,10.81,5.86,3.2,0.49,0.6,8.44,6.73,6.48,0.62,0.68,0.82,2.24,NA,NA,80.49,13.13,4.14
USAA Intermediate Term Bond Fund R6 Shares (URIBX),URIBX,MF,Intermediate Core-Plus Bond,5.0,5.0,5.0,5.0,5.07,7.61,NA,NA,NA,NA,NA,NA,NA,NA,NA,6.14,-0.82,11.3,9.57,1.87,0.39,0.46,5.73,4.77,4.0,1.05,0.87,1.09,6.46,NA,NA,81.45,10.05,2.04
MFS Income Fund Class R6 (MFIWX),MFIWX,MF,Intermediate Core-Plus Bond,4.0,5.0,4.0,4.0,3.43,7.2,NA,NA,NA,NA,NA,NA,NA,NA,NA,NA,NA,11.69,9.81,0.73,0.4,0.66,6.28,5.15,4.62,0.93,0.76,0.85,-8.29,NA,0.02,81.12,26.29,0.87
John Hancock Bond Fund Class R6 (JHBSX),JHBSX,MF,Intermediate Core-Plus Bond,4.0,4.0,5.0,4.0,2.79,6.92,4.75,NA,NA,NA,12.01,0.96,6.84,0.25,4.97,5.3,-0.83,10.5,9.24,0.69,0.37,0.38,4.7,4.02,3.66,1.14,0.86,1.17,5.91,0.08,NA,81.74,9.07,3.21
Guggenheim Total Return Bond Fund Institutional Class (GIBIX),GIBIX,MF,Intermediate Core-Plus Bond,4.0,5.0,N/A,5.0,3.54,6.93,5.52,NA,NA,NA,12.92,2.2,8.25,1.23,6.2,6.49,0.93,4.69,15.24,0.5,0.51,0.57,3.86,3.28,NA,1.32,1.27,NA,2.23,1.19,NA,82.58,17.72,-3.72
Western Asset Core Plus Bond Fund Class IS (WAPSX),WAPSX,MF,Intermediate Core-Plus Bond,4.0,5.0,5.0,5.0,1.76,7.09,5.16,4.9,12.1,6.65,8.57,-0.98,7.74,1.32,4.72,6.99,-1.47,12.32,9.51,-0.59,0.42,0.42,5.49,4.72,3.95,1.03,0.78,1.08,-0.28,NA,NA,81.13,17.65,1.5
Loomis Sayles Investment Grade Bond Fund Class N (LGBNX),LGBNX,MF,Intermediate Core-Plus Bond,4.0,5.0,4.0,5.0,4.21,7.01,5.33,NA,NA,NA,NA,NA,5.27,-4.97,6.3,6.85,-0.35,9.11,11.74,0.8,0.45,0.47,5.42,4.54,4.87,1.06,0.94,0.83,5.87,NA,NA,70.53,18.56,5.05
Loomis Sayles Core Plus Bond Fund Class N (NERNX),NERNX,MF,Intermediate Core-Plus Bond,4.0,4.0,5.0,4.0,1.18,6.42,4.66,NA,NA,NA,NA,NA,6.39,-3.84,7.59,5.31,-0.52,9.05,10.71,-0.38,0.38,0.38,3.88,3.46,3.9,1.3,0.98,1.04,10.9,NA,NA,67.05,19.8,2.25
Dodge & Cox Income Fund (DODIX),DODIX,MF,Intermediate Core-Plus Bond,4.0,4.0,4.0,4.0,2.29,6.55,4.64,4.22,7.17,4.76,7.94,0.64,5.48,-0.59,5.61,4.36,-0.31,9.73,9.45,0.25,0.42,0.42,3.82,3.26,3.02,1.34,1.04,1.2,2.55,NA,NA,79.84,15.25,2.36
TIAA-CREF Core Impact Bond Fund Institutional Class (TSBIX),TSBIX,MF,Intermediate Core Bond,3.0,4.0,N/A,4.0,1.21,5.91,4.04,NA,NA,NA,NA,-1.27,8.8,1.18,3.19,4.51,0.33,8.73,7.45,0.13,0.36,0.36,4.58,3.91,NA,0.95,0.62,NA,12.39,NA,NA,76.39,19.79,-8.58
Calvert Green Bond Fund Class I (CGBIX),CGBIX,MF,Intermediate Core-Plus Bond,3.0,3.0,N/A,3.0,1.43,5.7,3.84,NA,NA,NA,NA,NA,5.28,0.19,4.05,3.37,0.68,8.34,7.18,-0.07,0.48,0.54,4.95,4.05,NA,0.82,0.58,NA,6.56,0.26,NA,58.42,30.42,4.34
Delaware Ivy Securian Core Bond Fund Class R6 (IBNDX),IBNDX,MF,Intermediate Core-Plus Bond,3.0,4.0,4.0,4.0,2.9,6.06,4.39,NA,NA,NA,NA,NA,NA,0.15,4.69,5.58,-0.34,9.21,7.14,1.12,0.45,0.58,5.4,4.49,3.73,0.84,0.68,0.95,2.63,NA,0.56,92.19,4.63,NA
American Funds Strategic Bond Fund Class F-3 (ANBGX),ANBGX,MF,Intermediate Core-Plus Bond,5.0,5.0,N/A,5.0,0.95,9.15,NA,NA,NA,NA,NA,NA,NA,NA,NA,NA,0.57,8.34,18.51,-0.44,0.4,0.43,3.96,3.55,NA,1.83,1.18,NA,9.42,0.01,NA,76.04,13.79,0.74
Federated Hermes Total Return Bond Fund Class R6 Shares (FTRLX),FTRLX,MF,Intermediate Core-Plus Bond,4.0,4.0,4.0,4.0,2.72,6.8,4.57,NA,NA,NA,NA,NA,NA,NA,4.98,4.51,-0.85,9.64,9.6,0.79,0.38,0.42,3.71,3.31,3.03,1.42,0.96,1.16,4.92,0.05,0.01,75.36,15.39,4.28
Virtus Seix Total Return Bond Fund Class R6 (SAMZX),SAMZX,MF,Intermediate Core-Plus Bond,4.0,3.0,3.0,3.0,0.33,6.65,3.97,NA,NA,NA,NA,NA,NA,0.34,3.13,2.83,-0.17,7.18,11.3,-0.19,0.31,0.46,3.8,3.51,3.24,1.27,0.65,0.97,4.23,NA,NA,90.05,4.76,0.97
Pioneer Bond Fund Class K (PBFKX),PBFKX,MF,Intermediate Core-Plus Bond,4.0,4.0,4.0,4.0,5.06,6.79,4.64,NA,NA,NA,NA,0.89,6.13,0.48,4.57,4.5,-0.48,9.35,9.03,1.41,0.34,0.34,6.43,5.16,3.97,0.83,0.67,0.97,28.65,NA,0.04,59.91,8.98,2.41
JPMorgan Total Return Fund Class R6 Shares (JMTIX),JMTIX,MF,Intermediate Core-Plus Bond,3.0,3.0,4.0,3.0,-0.55,5.68,4.01,NA,NA,NA,NA,NA,NA,-0.4,4.93,4.27,-0.59,9.69,7.27,-0.47,0.41,0.48,4.01,3.54,3.09,1.05,0.69,1.11,20.84,0.24,NA,67.47,7.82,3.63
Janus Henderson Flexible Bond Fund Class N (JDFNX),JDFNX,MF,Intermediate Core-Plus Bond,5.0,4.0,4.0,4.0,1.62,7.06,4.21,NA,NA,NA,NA,0.07,4.97,0.33,2.67,3.81,-0.91,9.66,10.97,0.1,0.44,0.44,4.42,3.83,3.28,1.21,0.75,1.06,9.3,0.24,NA,84.14,3.08,3.24
Fidelity Advisor Total Bond Fund Class Z (FBKWX),FBKWX,MF,Intermediate Core-Plus Bond,4.0,4.0,4.0,4.0,2.32,6.8,4.67,NA,NA,NA,NA,NA,NA,-0.34,5.85,4.38,-0.61,9.87,9.44,0.63,0.36,0.4,4.07,3.59,3.29,1.26,0.89,1.1,5.25,0.08,0.01,75.01,17.82,1.84
T. Rowe Price Total Return Fund I Class (PTKIX),PTKIX,MF,Intermediate Core-Plus Bond,4.0,N/A,N/A,4.0,3.5,7.02,NA,NA,NA,NA,NA,NA,NA,NA,NA,5.07,0.46,10.09,8.4,1.27,0.39,0.8,4.99,NA,NA,1.06,NA,NA,-10.87,0.19,0.09,101.01,8.48,1.1
PIMCO Total Return Fund Institutional Class (PTTRX),PTTRX,MF,Intermediate Core-Plus Bond,3.0,3.0,3.0,3.0,1.02,6.06,3.92,3.75,8.83,4.16,10.36,-1.92,4.69,0.73,2.6,5.13,-0.26,8.26,8.88,-0.05,0.7,0.7,3.56,3.34,3.48,1.27,0.81,0.91,-17.61,NA,NA,83.44,25.49,8.68
PIMCO Total Return ESG Fund Institutional Class (PTSAX),PTSAX,MF,Intermediate Core-Plus Bond,3.0,3.0,3.0,3.0,1.16,6.25,3.86,3.55,9.08,3.53,9.69,-2.07,4.54,0.41,2.96,4.46,-0.78,8.94,8.97,0.06,0.96,0.96,3.82,3.5,3.5,1.22,0.77,0.84,4.29,NA,NA,64.17,28.39,3.15
Metropolitan West Total Return Bond Fund Plan Class (MWTSX),MWTSX,MF,Intermediate Core-Plus Bond,4.0,3.0,4.0,4.0,0.82,6.61,4.02,4.33,NA,NA,11.54,0.45,6.16,0.25,2.56,3.49,0.29,9.23,9.17,-0.09,0.38,0.38,3.6,3.27,2.97,1.37,0.8,1.24,-7.65,NA,NA,99.92,6.12,1.61
The Hartford Total Return Bond Fund Class F (ITBFX),ITBFX,MF,Intermediate Core-Plus Bond,4.0,4.0,4.0,4.0,1.14,6.57,NA,NA,NA,NA,NA,NA,NA,NA,NA,NA,-0.62,10.37,9.18,-0.17,0.34,0.34,4.15,3.66,3.34,1.22,0.84,1.06,2.25,NA,NA,80.98,15.92,0.84
Lord Abbett Total Return Fund Class F3 (LTROX),LTROX,MF,Intermediate Core-Plus Bond,3.0,3.0,3.0,3.0,2.55,6.03,NA,NA,NA,NA,NA,NA,NA,NA,NA,NA,-0.62,8.75,7.56,0.88,0.36,0.36,4.26,3.72,3.26,1.05,0.67,1.04,11.99,NA,NA,66.16,20.44,1.4
Lord Abbett Core Plus Bond Fund Class F3 (LOPLX),LOPLX,MF,Intermediate Core-Plus Bond,3.0,4.0,N/A,3.0,3.86,6.39,NA,NA,NA,NA,NA,NA,NA,NA,NA,NA,-0.6,10.11,7.4,1.38,0.38,0.5,5.15,4.3,NA,0.97,0.78,NA,NA,NA,NA,76.18,21.29,2.53
Goldman Sachs Bond Fund Class R6 Shares (GSFUX),GSFUX,MF,Intermediate Core-Plus Bond,4.0,3.0,4.0,3.0,0.71,7.02,NA,NA,NA,NA,NA,NA,NA,NA,2.95,3.1,-1.46,10.59,11.7,-1.19,0.44,0.61,4.98,4.33,3.55,1.1,0.64,1.03,-13.41,NA,NA,97.15,12.92,3.34
MFS Total Return Bond Fund Class R6 (MRBKX),MRBKX,MF,Intermediate Core-Plus Bond,4.0,3.0,3.0,3.0,1.5,6.6,4.22,3.98,8.34,6.52,7.57,-0.79,5.93,-0.28,3.91,4.25,-0.93,10.05,8.94,0.12,0.36,0.44,4.86,4.16,3.53,1.04,0.66,0.97,-3.25,NA,NA,85.21,16.41,1.64
JPMorgan Core Plus Bond Fund Class R6 (JCPUX),JCPUX,MF,Intermediate Core-Plus Bond,3.0,3.0,4.0,4.0,1.85,6.26,4.18,4.18,10.35,7.0,7.32,0.42,6.39,0.35,4.25,4.32,-0.06,8.93,7.86,0.7,0.39,0.4,3.81,3.37,3.02,1.21,0.8,1.19,9.13,0.15,NA,80.67,7.43,2.61
VanEck Vectors Fallen Angel High Yield Bond ETF (ANGL),ANGL,ETF ,High Yield Bond,5.0,5.0,N/A,5.0,20.17,10.29,9.06,NA,NA,NA,NA,6.89,6.05,-3.89,25.34,9.64,-4.93,16.53,13.33,5.78,NA,NA,11.36,9.08,NA,0.79,0.89,NA,NA,NA,NA,NA,NA,NA
PGIM Short Duration High Yield Income Fund- Class R6 (HYSQX),HYSQX,MF,High Yield Bond,3.0,3.0,N/A,3.0,9.95,6.27,5.45,NA,NA,NA,NA,NA,NA,1.48,7.7,4.82,1.31,11.6,4.2,4.6,0.7,0.73,7.96,6.22,NA,0.67,0.76,NA,0.72,1.65,NA,80.05,12.43,5.16
JPMorgan High Yield Fund Class R6 (JHYUX),JHYUX,MF,High Yield Bond,3.0,3.0,3.0,3.0,12.55,6.08,5.45,5.65,14.82,2.58,14.92,7.16,2.76,-4.59,14.0,6.82,-2.71,13.64,3.0,5.88,0.59,0.61,9.42,7.47,6.92,0.57,0.71,0.75,1.28,3.37,NA,85.88,6.43,3.04
MFS High Income Fund Class R6 (MHIKX),MHIKX,MF,High Yield Bond,3.0,3.0,3.0,3.0,7.18,6.23,5.41,NA,NA,NA,NA,6.4,2.82,-3.49,13.77,6.5,-2.95,14.84,4.8,2.65,0.59,0.59,7.86,6.32,6.21,0.7,0.82,0.83,2.56,NA,0.05,82.96,12.57,1.86
MFS Global High Yield Fund Class R6 (MHOVX),MHOVX,MF,High Yield Bond,3.0,3.0,3.0,3.0,8.27,6.12,5.36,5.53,16.52,3.46,15.31,6.05,2.67,-3.7,13.32,7.47,-2.76,14.4,4.23,2.82,0.74,0.82,8.62,6.93,6.68,0.63,0.75,0.76,3.77,NA,0.25,52.37,41.12,2.48
John Hancock High Yield Fund Class R6 (JFHYX),JFHYX,MF,High Yield Bond,3.0,4.0,3.0,3.0,10.99,6.18,NA,NA,NA,NA,NA,NA,NA,NA,NA,7.18,-2.8,13.79,4.59,4.52,0.57,0.58,9.91,7.89,8.26,0.56,0.73,0.59,1.28,1.54,NA,79.22,12.13,5.83
Calvert High Yield Bond Fund Class I (CYBIX),CYBIX,MF,High Yield Bond,3.0,3.0,3.0,3.0,7.67,6.2,5.2,5.48,16.5,5.94,15.4,8.55,-0.77,-2.13,12.1,6.09,-2.53,12.81,5.44,2.82,0.77,0.79,7.52,5.98,5.67,0.71,0.79,0.88,4.6,0.88,NA,82.51,10.75,1.26
Hotchkis & Wiley High Yield Fund Class Z (HWHZX),HWHZX,MF,High Yield Bond,2.0,2.0,3.0,2.0,14.3,4.63,NA,NA,NA,NA,NA,NA,NA,NA,NA,NA,NA,9.77,3.83,4.79,0.6,0.63,11.32,8.97,7.98,0.38,0.59,0.68,0.18,4.54,0.01,77.39,11.7,6.18
Invesco Fundamental High Yield Corporate Bond ETF (PHB),PHB,ETF ,NA,3.0,2.0,3.0,3.0,11.37,6.04,5.67,4.96,9.7,5.94,11.98,4.33,1.84,-2.62,12.78,5.11,-2.38,13.15,5.15,1.89,NA,NA,8.67,6.85,6.17,0.56,0.66,0.72,NA,NA,NA,NA,NA,NA
PIMCO 0-5 Year High Yield Corporate Bond Index Exchange-Traded Fund (HYS),HYS,ETF ,High Yield Bond,2.0,2.0,2.0,2.0,14.51,5.06,5.66,5.05,NA,NA,12.22,8.26,0.5,-4.71,14.54,5.83,-0.56,9.89,2.9,3.78,NA,NA,8.63,6.78,6.09,0.45,0.68,0.74,2.36,0.34,NA,77.98,9.68,9.65
First Eagle High Income Fund Class I (FEHIX),FEHIX,MF,High Yield Bond,3.0,3.0,2.0,3.0,10.39,5.29,4.97,5.02,15.76,4.07,15.19,6.92,-0.24,-7.04,17.19,4.87,-0.43,8.93,7.32,2.6,0.79,0.79,8.14,6.49,6.71,0.53,0.76,0.69,8.81,4.36,NA,73.66,12.17,1.0
Neuberger Berman High Income Bond Fund Institutional Class (NHILX),NHILX,MF,High Yield Bond,4.0,3.0,3.0,3.0,10.2,6.73,5.62,5.57,14.71,3.12,14.64,7.57,1.51,-4.77,14.17,5.46,-2.35,13.9,6.41,3.59,0.7,0.7,9.5,7.57,7.16,0.64,0.73,0.73,6.17,NA,NA,82.29,10.11,1.44
VanEck Vectors International High Yield Bond ETF (IHY),IHY,ETF ,High Yield Bond,3.0,3.0,N/A,3.0,13.79,6.98,6.45,NA,NA,NA,NA,7.63,-3.29,-3.59,11.22,11.6,-4.59,12.78,8.59,0.45,NA,NA,10.82,8.79,NA,0.55,0.62,NA,2.29,NA,0.25,0.03,96.27,1.16
SPDR Bloomberg Barclays Short Term High Yield Bond ETF (SJNK),SJNK,ETF ,High Yield Bond,3.0,3.0,N/A,3.0,14.93,5.94,6.11,NA,NA,NA,NA,6.85,-0.73,-6.56,14.27,5.31,-0.26,9.53,5.67,4.21,NA,NA,8.24,6.5,NA,0.58,0.78,NA,2.6,NA,NA,NA,NA,0.22
iShares US & Intl High Yield Corp Bond ETF (GHYG),GHYG,ETF ,High Yield Bond,3.0,3.0,N/A,3.0,15.11,6.34,6.37,NA,NA,NA,NA,7.78,-0.67,-6.4,12.29,9.5,-3.67,13.22,6.38,2.53,NA,NA,9.53,7.69,NA,0.56,0.69,NA,0.61,NA,NA,64.26,33.34,1.79
Xtrackers USD High Yield Corporate Bond ETF (HYLB),HYLB,ETF ,High Yield Bond,3.0,N/A,N/A,3.0,13.28,6.6,NA,NA,NA,NA,NA,NA,NA,NA,NA,5.96,-1.91,14.07,4.87,2.98,NA,NA,8.43,NA,NA,0.63,NA,NA,1.34,NA,NA,86.24,11.34,1.09
Invesco BulletShares 2025 High Yield Corporate Bond ETF (BSJP),BSJP,ETF ,High Yield Bond,3.0,N/A,N/A,3.0,13.73,6.61,NA,NA,NA,NA,NA,NA,NA,NA,NA,NA,-4.52,16.73,4.28,3.22,NA,NA,9.27,NA,NA,0.6,NA,NA,2.69,NA,NA,88.74,7.81,0.76
iShares Broad USD High Yield Corporate Bond ETF (USHY),USHY,ETF ,High Yield Bond,4.0,N/A,N/A,4.0,15.16,7.08,NA,NA,NA,NA,NA,NA,NA,NA,NA,NA,-2.54,14.63,6.02,3.85,NA,NA,9.41,NA,NA,0.65,NA,NA,NA,NA,NA,NA,NA,1.73
Vanguard Intermediate-Term Corporate Bond Index Fund ETF Shares (VCIT),VCIT,ETF ,Corporate Bond,4.0,3.0,3.0,3.0,2.49,7.73,4.51,5.18,10.65,7.94,11.36,-1.8,7.47,0.88,5.3,5.5,-1.75,13.97,9.55,0.05,NA,NA,6.6,5.6,5.08,0.99,0.64,0.91,-0.05,NA,NA,84.62,12.21,3.22
PIMCO Investment Grade Corporate Bond Index Exchange-Traded Fund (CORP),CORP,ETF ,Corporate Bond,3.0,3.0,3.0,3.0,2.96,7.84,4.72,5.13,NA,6.67,10.16,-1.63,7.43,-0.46,6.16,6.38,-2.71,14.46,10.0,0.17,NA,NA,6.9,5.83,5.27,0.96,0.65,0.86,-5.53,NA,NA,74.92,23.96,6.66
Fidelity Corporate Bond ETF (FCOR),FCOR,ETF ,Corporate Bond,4.0,3.0,N/A,3.0,3.32,8.35,5.17,NA,NA,NA,NA,NA,NA,-2.24,7.53,5.99,-2.92,14.96,10.86,0.3,NA,NA,7.68,6.35,NA,0.91,0.65,NA,4.25,NA,NA,73.07,17.38,5.3
iShares iBoxx $ Investment Grade Corporate Bond ETF (LQD),LQD,ETF ,Corporate Bond,5.0,4.0,4.0,4.0,2.4,8.79,5.09,5.56,9.15,8.89,11.68,-2.49,8.57,-1.08,5.97,7.16,-3.76,17.13,11.14,-0.37,NA,NA,7.72,6.56,5.94,0.98,0.63,0.85,0.78,NA,NA,82.35,13.41,3.46
iShares Broad USD Investment Grade Corporate Bond ETF (USIG),USIG,ETF ,Corporate Bond,3.0,3.0,3.0,3.0,2.91,7.53,4.56,4.78,8.37,8.05,9.12,-2.33,7.37,-0.98,5.46,5.99,-2.4,14.16,9.52,-0.17,NA,NA,7.16,5.97,5.13,0.88,0.6,0.82,0.55,NA,NA,74.39,21.29,3.77
Schwab U.S. Aggregate Bond ETF (SCHZ),SCHZ,ETF ,Intermediate-Term Bond,3.0,3.0,3.0,3.0,-0.68,5.26,2.9,NA,NA,NA,3.9,-2.19,5.97,0.56,2.49,3.46,-0.09,8.64,7.5,-0.59,NA,NA,3.47,3.25,NA,1.18,0.56,NA,2.16,NA,NA,90.05,6.97,0.82
iShares CMBS ETF (CMBS),CMBS,ETF ,Intermediate-Term Bond,4.0,3.0,N/A,3.0,1.74,5.62,3.11,NA,NA,NA,NA,0.03,3.47,0.61,3.04,3.07,0.59,8.03,7.84,-0.05,NA,NA,3.88,3.51,NA,1.14,0.59,NA,0.33,NA,NA,99.67,NA,NA
iShares Core U.S. Aggregate Bond ETF (AGG),AGG,ETF ,Intermediate-Term Bond,3.0,3.0,3.0,3.0,-0.55,5.27,2.93,3.33,6.3,7.58,4.04,-2.15,6.04,0.48,2.56,3.53,-0.05,8.68,7.42,-0.69,NA,NA,3.5,3.26,3.03,1.17,0.57,0.9,6.74,NA,NA,86.08,6.33,0.86
iShares Government-Credit Bond ETF (GBF),GBF,ETF ,Intermediate-Term Bond,4.0,3.0,3.0,3.0,-0.93,5.74,3.02,3.52,6.4,8.5,4.55,-2.56,5.81,0.05,2.77,3.84,-0.61,9.59,8.61,-1.05,NA,NA,4.27,3.87,3.57,1.06,0.52,0.82,NA,NA,NA,NA,NA,NA
SPDR Portfolio Aggregate Bond ETF (SPAB),SPAB,ETF ,Intermediate-Term Bond,3.0,3.0,3.0,3.0,-0.54,5.28,2.94,3.29,6.66,7.62,3.94,-2.08,5.84,0.5,2.57,3.51,-0.14,8.73,7.38,-0.54,NA,NA,3.52,3.28,3.02,1.16,0.56,0.89,6.17,NA,NA,86.12,6.95,0.76
Vanguard Intermediate-Term Bond Index Fund ETF Shares (BIV),BIV,ETF ,Intermediate-Term Bond,5.0,4.0,5.0,5.0,-0.44,6.61,3.35,4.21,9.55,10.62,7.02,-3.44,7.0,1.23,2.86,3.8,-0.09,10.19,9.71,-0.64,NA,NA,4.18,4.02,4.09,1.29,0.58,0.89,0.03,NA,NA,88.83,9.74,1.4
Vanguard Total Bond Market Index Fund ETF Shares (BND),BND,ETF ,Intermediate-Term Bond,3.0,3.0,3.0,3.0,-0.59,5.41,2.98,3.36,6.51,7.71,4.04,-2.14,5.96,0.39,2.57,3.62,-0.04,8.71,7.71,-0.66,NA,NA,3.63,3.38,3.14,1.16,0.56,0.88,0.14,NA,NA,91.34,7.68,0.84
PIMCO Active Bond Exchange-Traded Fund (BOND),BOND,ETF ,NA,3.0,3.0,N/A,3.0,1.97,5.71,3.84,NA,NA,NA,NA,-1.18,6.87,0.73,3.11,4.76,0.17,8.69,7.63,0.45,NA,NA,3.87,3.48,NA,1.15,0.79,NA,-18.19,NA,0.05,98.69,15.38,4.06
Fidelity Total Bond ETF (FBND),FBND,ETF ,NA,4.0,4.0,N/A,4.0,2.88,6.34,4.26,NA,NA,NA,NA,NA,NA,-1.44,6.64,4.07,-0.67,9.9,9.51,0.41,NA,NA,3.91,3.49,NA,1.31,0.89,NA,14.35,0.1,NA,74.36,9.73,1.46
iShares Core Total USD Bond Market ETF (IUSB),IUSB,ETF ,NA,3.0,3.0,N/A,3.0,0.75,5.6,3.33,NA,NA,NA,NA,NA,NA,0.46,3.78,4.06,-0.38,9.26,7.59,-0.38,NA,NA,3.53,3.25,NA,1.24,0.7,NA,16.38,NA,NA,69.02,13.55,1.06
PIMCO Enhanced Low Duration Active Exchange-Traded Fund (LDUR),LDUR,ETF ,Short-Term Bond,3.0,4.0,N/A,4.0,1.35,3.27,2.67,NA,NA,NA,NA,NA,NA,2.04,2.84,2.14,1.34,4.34,4.48,0.33,NA,NA,2.29,1.83,NA,0.91,0.85,NA,-30.81,NA,NA,101.3,26.0,3.5
AdvisorShares Newfleet Multi-Sector Income ETF (MINC),MINC,ETF ,NA,3.0,3.0,N/A,3.0,4.46,3.24,2.69,NA,NA,NA,NA,NA,2.11,1.27,3.24,2.31,0.54,5.34,3.55,0.45,NA,NA,3.55,2.79,NA,0.55,0.55,NA,6.23,NA,NA,87.79,5.98,NA
iShares Core 1-5 Year USD Bond ETF (ISTB),ISTB,ETF ,Short-Term Bond,4.0,4.0,N/A,4.0,1.57,3.97,2.51,NA,NA,NA,NA,0.12,1.06,0.84,2.65,1.83,1.18,5.53,4.76,0.33,NA,NA,1.6,1.51,NA,1.72,0.95,NA,3.03,NA,NA,75.35,19.51,2.12
iShares 0-5 Year Investment Grade Corporate Bond ETF (SLQD),SLQD,ETF ,Short-Term Bond,4.0,4.0,N/A,4.0,1.41,4.04,2.69,NA,NA,NA,NA,NA,1.36,1.11,2.15,2.13,1.16,6.08,4.67,0.34,NA,NA,2.64,2.18,NA,1.08,0.73,NA,0.93,NA,NA,77.25,14.63,7.18
Fidelity Limited Term Bond ETF (FLTB),FLTB,ETF ,Short-Term Bond,4.0,4.0,N/A,4.0,1.16,4.15,2.53,NA,NA,NA,NA,NA,NA,1.26,2.29,1.85,0.88,6.13,5.31,0.02,NA,NA,2.92,2.42,NA,0.99,0.59,NA,1.42,NA,NA,77.09,15.91,5.59
Fidelity Advisor Strategic Income Fund Class Z (FIWDX),FIWDX,MF,Multisector Bond,4.0,4.0,3.0,4.0,9.07,NA,NA,NA,NA,NA,NA,NA,NA,NA,NA,NA,NA,11.23,7.55,3.33,0.61,0.61,7.04,5.74,5.13,0.75,0.79,0.79,0.92,5.92,0.42,62.86,28.37,1.52
